Steps,Policy/Entropy,Policy/Learning Rate,Environment/Cumulative Reward,Environment/Episode Length,Policy/Extrinsic Value Estimate,Policy/Extrinsic Reward
10000,1.4189384,0.00029997056,0.10501600619059617,9.670224119530417,-2.6397412,0.10504273041828066
20000,1.418781,0.00029990988,0.10778141835592484,9.933333333333334,-1.2002985,0.10777048813637163
30000,1.4181988,0.0002998496,0.11001114581307705,10.179487179487179,-0.5673312,0.1098102635837027
40000,1.4189733,0.00029979038,0.09897487215959846,9.063316582914572,-0.47295898,0.09865326232946099
50000,1.4190382,0.00029972952,0.10008163041606241,9.176530612244898,-0.26548338,0.10038735648231709
60000,1.4185802,0.00029966945,0.10016309663987548,9.17737003058104,-0.17660059,0.10037716346717877
70000,1.4180137,0.0002996096,0.09949392490164351,9.116396761133604,-0.13014771,0.09953440920551598
80000,1.4169562,0.0002995503,0.09805969930073219,8.949253731343283,-0.061211824,0.0979303448261758
90000,1.416235,0.00029948977,0.09673549439629857,8.833824975417896,-0.0050791483,0.09676499202144181
100000,1.4154409,0.00029942993,0.10089047880940513,9.240532241555783,0.02696616,0.10096212554086255
110000,1.4149905,0.00029936936,0.10297381968788452,9.463874345549739,0.03541585,0.10297381794226419
120000,1.4151012,0.00029931014,0.10179196476905648,9.331616889804325,0.05824172,0.10153449704845643
130000,1.4152439,0.00029924972,0.10252091821057091,9.427824267782427,0.0862854,0.10228033055391583
140000,1.4152236,0.00029918988,0.10365162412601778,9.519412381951732,0.086739615,0.10383000637425142
150000,1.4159592,0.00029913022,0.10430997643706778,9.60828025477707,0.08351886,0.10445859502297045
160000,1.4159629,0.0002990699,0.10170630589628356,9.334022750775594,0.06010341,0.10176835137668847
170000,1.4153992,0.00029900967,0.10676789349207651,9.852494577006508,0.073884,0.10700761221787032
180000,1.4149417,0.00029895065,0.0976218883652444,8.913432835820895,0.079452366,0.09713717343037574
190000,1.4149445,0.00029889029,0.09666992927902358,8.80607247796278,0.077134006,0.09704789454126521
200000,1.415369,0.00029883033,0.09881763306179481,9.029058116232465,0.059933856,0.09874749109186307
210000,1.4156628,0.0002987701,0.10134020392043688,9.305154639175258,0.0350317,0.10139318478319667
220000,1.4156276,0.00029871057,0.10326359601823855,9.475941422594142,0.064241216,0.10321465566637317
230000,1.4153757,0.0002986501,0.1027244235911953,9.430062630480167,0.06252597,0.1026458289513054
240000,1.4150468,0.00029859,0.10813259426813099,9.958011049723757,0.031155488,0.10804419446304359
250000,1.4146024,0.0002985299,0.10615384378112279,9.778846153846153,0.035872433,0.10606837168566756
260000,1.4143347,0.00029847005,0.10249217706261449,9.421272158498436,0.05709869,0.10255474062506362
270000,1.4147797,0.00029841042,0.10698912804338918,9.85,0.06091254,0.10726086495889593
280000,1.4154134,0.00029834989,0.10734493775299311,9.891186071817193,0.06907089,0.107181715046312
290000,1.4152989,0.00029829008,0.10842510770866852,10.001101321585903,0.0703621,0.10860131744352797
300000,1.4147738,0.0002982299,0.1130469619634669,10.458190148911799,0.0759601,0.11261167874152239
310000,1.4148985,0.00029817066,0.11601176211281734,10.756470588235294,0.06571884,0.11610587657155359
320000,1.4144467,0.00029810952,0.11431054205677946,10.600231749710312,0.09350667,0.11451911385821854
330000,1.4140674,0.00029805,0.11430394176065299,10.584686774941995,0.08688984,0.11443154933255192
340000,1.4138896,0.00029799054,0.10863636120815169,10.008869179600888,0.040676054,0.10825941846716299
350000,1.4131864,0.00029792992,0.11483275406535247,10.635524798154556,0.07671482,0.11494809158163569
360000,1.4119118,0.0002978704,0.11653254177399289,10.809467455621302,0.055823892,0.11680472758791503
370000,1.4105731,0.0002978099,0.11925120506399639,11.08574879227053,0.063310675,0.11914146927600905
380000,1.4098128,0.0002977496,0.11321838827396946,10.474712643678162,0.055836927,0.113340982098034
390000,1.4095395,0.00029769057,0.12254026987563353,11.415117719950434,0.07044209,0.122255261052663
400000,1.4093539,0.00029763047,0.12522842359686565,11.663705583756345,0.08157856,0.12545684701172152
410000,1.4090192,0.00029757008,0.13950283779095943,13.088068181818182,0.05073715,0.1396590823662171
420000,1.4070451,0.00029751007,0.14042312803196133,13.190409026798308,0.052319355,0.14033849705772525
430000,1.407481,0.00029744953,0.1329609660725053,12.449528936742935,0.05236636,0.13301479730198554
440000,1.4087654,0.0002973905,0.147187496710103,13.87797619047619,0.10271496,0.14710878421192997
450000,1.4098358,0.0002973304,0.12886570768025274,12.04954367666232,0.12307769,0.12853975917031743
460000,1.4109831,0.00029727074,0.13014492462726607,12.155467720685111,0.09563883,0.13013157160511535
470000,1.4113163,0.00029721035,0.1417360083097151,13.332855093256814,0.057467215,0.14180773887061748
480000,1.4115925,0.0002971497,0.14215827020380994,13.381294964028777,0.038273428,0.14228776147414884
490000,1.4118059,0.00029708998,0.1334510839736575,12.495923913043478,0.03274733,0.13346937949813548
500000,1.4122653,0.00029703006,0.1547515493360643,14.624223602484472,0.014944182,0.1546356497346893
510000,1.412269,0.00029696943,0.14655786022566017,13.79080118694362,0.031879023,0.14676557112076163
520000,1.412967,0.0002969097,0.1388359015251067,13.025245441795231,0.11176447,0.13889199802011962
530000,1.4134809,0.0002968491,0.14546391427440128,13.706921944035345,0.16235216,0.14543445323304505
540000,1.4134232,0.00029679044,0.15498422366517012,14.654574132492113,0.08630775,0.15499998951089872
550000,1.4127676,0.00029673023,0.16284297156678743,15.416528925619835,0.14076206,0.16275576404341968
560000,1.4119395,0.0002966693,0.14936011570916025,14.053571428571429,0.2516753,0.14953730363231987
570000,1.4125025,0.00029661012,0.15540540193182392,14.702702702702704,0.24318567,0.1550874295414963
580000,1.4129906,0.00029655074,0.1671118493532398,15.848080133555927,0.091874234,0.16684998829849065
590000,1.4125743,0.00029649018,0.15783870614944928,14.904838709677419,0.047307502,0.15837095631586928
600000,1.411874,0.00029642985,0.17774822297737214,16.929078014184398,0.048425574,0.17748225766650222
610000,1.4112514,0.00029636917,0.17467486428551912,16.58523725834798,0.05134609,0.17449910876542488
620000,1.4115342,0.0002963097,0.16508388892753711,15.634228187919463,0.053736314,0.16552940079582337
630000,1.4124012,0.00029624993,0.17828264360004545,16.958855098389982,0.01907815,0.1781607023739655
640000,1.4124473,0.0002961899,0.1609508160746,15.21311475409836,0.01496958,0.16081831978905317
650000,1.4119228,0.00029613133,0.16787161786939847,15.912162162162161,0.04459228,0.1672927136745701
660000,1.4112343,0.00029606992,0.15780062938427342,14.943037974683545,0.027712952,0.15781644579683302
670000,1.4105467,0.00029600988,0.1776881680713706,16.908602150537636,-0.04951905,0.17771991560673692
680000,1.4104048,0.00029595016,0.17919707628660395,17.029197080291972,-0.0073240893,0.17941711092866508
690000,1.4094465,0.0002958905,0.19422178554207317,18.51556420233463,0.073256314,0.1941130472815525
700000,1.4087114,0.00029583048,0.1811948488911559,17.25735294117647,0.12941876,0.18122934631046353
710000,1.4080604,0.00029577065,0.18762807929764663,17.886148007590133,0.09299294,0.18753319567659663
720000,1.40811,0.00029570985,0.18677839433541954,17.821229050279328,0.15119015,0.186834252437705
730000,1.4078522,0.0002956502,0.19981669614474667,19.10386965376782,0.10762763,0.20028453936982082
740000,1.4072269,0.00029558974,0.19227184036258355,18.366990291262137,0.03999448,0.1922718319499377
750000,1.4065899,0.00029553016,0.20514343803763757,19.62909836065574,0.10174171,0.20498971901528032
760000,1.4066173,0.0002954699,0.19740078923854207,18.839285714285715,0.25775567,0.1969245899956496
770000,1.4071625,0.00029540912,0.21411378077217083,20.527352297592998,0.26289064,0.2145514069023161
780000,1.4072489,0.00029535012,0.22055803078442945,21.160714285714285,0.11833944,0.22055801965429314
790000,1.4075174,0.00029529046,0.21234671829807833,20.33403805496829,0.071553536,0.21251584197656423
800000,1.4072156,0.00029523,0.2180879072132674,20.923076923076923,0.13220944,0.21694503830193163
810000,1.40683,0.0002951707,0.20936169744806088,20.097872340425532,0.0017574908,0.21053077029400444
820000,1.4057912,0.00029510996,0.20254582031999854,19.376782077393074,0.106167376,0.2023673330832805
830000,1.4047562,0.0002950507,0.2089324572036339,20.00217864923747,0.18080358,0.20884529936628535
840000,1.4048444,0.0002949903,0.2310786465203829,22.226966292134833,0.27494332,0.23130043164196304
850000,1.404561,0.00029493,0.21723076437528316,20.84835164835165,0.21564382,0.21723075443981113
860000,1.4032283,0.00029487046,0.21346236082014217,20.440860215053764,0.19449846,0.21357757062651217
870000,1.4021028,0.00029480943,0.2193681868178717,21.050108932461875,-0.0034506998,0.2191067386402349
880000,1.4018146,0.00029474904,0.2268878667822078,21.77116704805492,-0.046922326,0.22720822166796406
890000,1.4015614,0.0002946905,0.23371428049036436,22.49047619047619,0.05878019,0.23349166832722706
900000,1.4001473,0.00029463012,0.22536035532316379,21.626126126126128,0.10050495,0.22536034394592583
910000,1.3989851,0.00029457005,0.2268202714278676,21.76036866359447,0.119348064,0.2266974434359795
920000,1.3987743,0.00029450937,0.21590413460771762,20.690631808278866,0.022827001,0.21604346285128723
930000,1.3995135,0.0002944506,0.22054421275752742,21.199546485260772,-0.007341145,0.22054419998932723
940000,1.3990697,0.00029439066,0.24112744559077362,23.198529411764707,0.025595007,0.24112743343792709
950000,1.3975127,0.00029432942,0.2353619856894758,22.604072398190045,0.090538874,0.23502270744436166
960000,1.3957182,0.0002942695,0.2281585030587681,21.944055944055943,0.22366416,0.22904427192393162
970000,1.3945296,0.00029421007,0.23744680320328854,22.829787234042552,0.20652664,0.23709903861712314
980000,1.394118,0.0002941499,0.2582198895162937,24.87434554973822,0.13327096,0.2579373153018967
990000,1.3941435,0.00029408932,0.25009974503327637,24.09725685785536,0.12115153,0.2499749808758497
1000000,1.3938047,0.00029402983,0.24302728985327646,23.359801488833746,0.16880892,0.24316829702549494
1010000,1.393565,0.00029396932,0.22548314102747466,21.629213483146067,0.2337357,0.22556304631268118
1020000,1.3934871,0.00029391015,0.260925920093777,25.193121693121693,0.2889922,0.26042325976526454
1030000,1.3928097,0.0002938511,0.250932636878265,24.16580310880829,0.19713688,0.25044153876505887
1040000,1.3919904,0.00029378955,0.2561808987965236,24.683417085427134,0.1082733,0.25721802456505166
1050000,1.3914658,0.00029372974,0.26828417630901125,25.92225201072386,0.14845581,0.267453061706379
1060000,1.3906881,0.00029367002,0.2594255816687492,25.0443864229765,0.15989757,0.25801564454935083
1070000,1.389667,0.00029361033,0.26383999410271647,25.493333333333332,0.2364589,0.2657978508046808
1080000,1.388614,0.00029354997,0.2685164775146724,25.90934065934066,0.30744943,0.2687052111744306
1090000,1.3877183,0.0002934908,0.2592125926313438,25.013123359580053,0.2836926,0.25934381164082393
1100000,1.3867508,0.00029343177,0.2702412808229073,26.093833780160857,0.12459451,0.269919549452076
1110000,1.3854516,0.00029337045,0.2557251851237912,24.651399491094146,0.161282,0.25554705535372096
1120000,1.3844903,0.00029331082,0.24735660294995196,23.85785536159601,0.14555001,0.24802990530401542
1130000,1.3840646,0.00029325078,0.2661066607187192,25.72,0.13561304,0.26545452251333124
1140000,1.38329,0.00029319062,0.2575466609100501,24.869333333333334,0.10148506,0.2552393416012142
1150000,1.3834085,0.00029312956,0.2976190409667435,28.839285714285715,0.22161482,0.3003868786008319
1160000,1.3837143,0.00029307004,0.28033897678478287,27.127118644067796,0.21139644,0.28028166744805555
1170000,1.3828626,0.00029301067,0.2632707715953323,25.402144772117964,0.09612453,0.2632526680977354
1180000,1.3811129,0.00029295014,0.28702777136220703,27.747222222222224,0.15147704,0.2863888648856017
1190000,1.3791299,0.0002928909,0.27727527470129093,26.79494382022472,0.06480846,0.2777808757415146
1200000,1.3784307,0.00029283026,0.29153613806197265,28.19277108433735,0.18358545,0.2917469637075731
1210000,1.3769679,0.00029277068,0.26523808930956183,25.57936507936508,0.1646339,0.26529098405113455
1220000,1.375845,0.00029271079,0.2558549165609896,24.66321243523316,0.13668379,0.2557880929129761
1230000,1.3746617,0.00029265016,0.2899999935179949,28.11614730878187,0.074437566,0.29053974767554214
1240000,1.3736215,0.0002925907,0.28521489333841726,27.57593123209169,0.28167248,0.2834769892666874
1250000,1.3735236,0.00029253078,0.2863636299629103,27.712609970674485,0.23044474,0.28684208111303766
1260000,1.3727943,0.00029247082,0.26404312078281234,25.48247978436658,0.23473383,0.26528299924719206
1270000,1.3720757,0.00029240965,0.28837606193036097,27.937321937321936,0.1604583,0.2879771852754375
1280000,1.3707329,0.0002923499,0.2744875284907643,26.45983379501385,0.14233825,0.2741274017056352
1290000,1.3706659,0.00029229134,0.2990605993760806,28.96969696969697,0.16476609,0.29969694566433175
1300000,1.3705869,0.00029223072,0.2735635297969807,26.403314917127073,0.14367664,0.27319557156629304
1310000,1.3707956,0.00029217018,0.2981899043141646,28.863501483679524,0.19229166,0.29818988512947225
1320000,1.3705827,0.00029210874,0.2695989244552777,26.024064171122994,0.1509095,0.2695710238209119
1330000,1.3701354,0.00029204987,0.26986338194622533,26.05464480874317,0.06766575,0.2698360445140734
1340000,1.3696065,0.00029199012,0.28031160846542535,27.073654390934845,0.037657343,0.28019827697689914
1350000,1.3685352,0.00029193008,0.2678532548825783,25.872282608695652,-0.03021676,0.2683967174354779
1360000,1.3673742,0.0002918705,0.2835574166311854,27.431372549019606,-0.039622333,0.2824929758948104
1370000,1.3670496,0.0002918107,0.27217269586632675,26.32033426183844,0.026639536,0.2727854931182267
1380000,1.3671298,0.0002917498,0.2843304779752028,27.51851851851852,0.12574764,0.2842449909951697
1390000,1.366679,0.00029168944,0.30977986728971674,29.98427672955975,0.19729874,0.30990563451353487
1400000,1.3656408,0.00029163013,0.3356597147196428,32.604166666666664,0.18462218,0.3362846907370517
1410000,1.3646072,0.00029157102,0.3181538390425535,30.87076923076923,0.08440261,0.31741535663031617
1420000,1.3638974,0.00029150952,0.291706580306197,28.230538922155688,0.042166017,0.2921257259904178
1430000,1.3635081,0.00029145015,0.29646017036474914,28.696165191740413,0.05956209,0.2952507121658782
1440000,1.3627939,0.00029139072,0.3051829200078983,29.5640243902439,0.10904827,0.30610939519519503
1450000,1.3614163,0.0002913298,0.2894202833860249,28.034782608695654,0.12232503,0.2891860203384313
1460000,1.3604065,0.00029127035,0.29232352287782465,28.314705882352943,0.15875234,0.2917352694196298
1470000,1.3596889,0.00029120964,0.27715083179402283,26.75977653631285,0.10481592,0.2783239985863007
1480000,1.3590132,0.00029115024,0.2729944993926028,26.392857142857142,0.010688446,0.27291206413224994
1490000,1.3582082,0.00029109017,0.28715115637236904,27.78488372093023,0.06469804,0.2868895113987978
1500000,1.3576843,0.00029102954,0.2893965452556209,28.011494252873565,0.1583634,0.28922411351432575
1510000,1.3574028,0.00029097052,0.3105063221735668,30.069620253164558,0.18919633,0.31126579655853065
1520000,1.3566138,0.00029091028,0.2982634663871841,28.880239520958085,0.1510499,0.29784428686305076
1530000,1.3547034,0.00029084957,0.30298506785462154,29.34328358208955,0.09367999,0.30247758633054017
1540000,1.3530946,0.00029078996,0.26949151940012384,26.06497175141243,0.105932154,0.26949150228904467
1550000,1.3528308,0.00029073027,0.298046640568459,28.88046647230321,0.07868439,0.2983429964989164
1560000,1.3518975,0.00029066982,0.26904370983339887,26.01366120218579,0.15057793,0.2690436950798243
1570000,1.352042,0.00029061045,0.2941297869360113,28.412979351032448,0.04667,0.2934023423241617
1580000,1.3518031,0.00029054985,0.2865102575256153,27.747800586510262,0.098439336,0.28765393731858896
1590000,1.3497676,0.00029049025,0.28905443479987475,27.965616045845273,0.13167733,0.28845269806192053
1600000,1.3489062,0.00029043018,0.2835398166712406,27.410029498525073,0.10144785,0.28401177647388964
1610000,1.347439,0.0002903696,0.29806267140045806,28.814814814814813,0.09571517,0.2978062428735685
1620000,1.3477529,0.00029030952,0.290703805818979,28.175953079178885,0.13340087,0.2907017291583426
1630000,1.3468196,0.00029024945,0.265822096484289,25.638814016172507,0.07880266,0.26559457407911885
1640000,1.3451654,0.00029018958,0.29916913277892404,28.985163204747774,0.10557516,0.2972403303374611
1650000,1.344199,0.0002901297,0.2740055961163939,26.49579831932773,0.037063714,0.27610641959480714
1660000,1.3423992,0.00029007002,0.2882163678268679,27.94736842105263,0.0056719226,0.28809939197956297
1670000,1.3407587,0.00029000992,0.27991548670114763,27.07605633802817,0.04713884,0.2799437952887141
1680000,1.3389068,0.0002899492,0.2857549793678641,27.65811965811966,0.26890352,0.2853999762716038
1690000,1.3382967,0.00028988998,0.29141209723282957,28.201729106628243,0.20497663,0.2924207237197532
1700000,1.3374951,0.00028983038,0.28584070157556407,27.654867256637168,0.21815552,0.2851917142911119
1710000,1.336127,0.00028976973,0.3018072221697454,29.25,0.16926447,0.30153611725959256
1720000,1.3354424,0.00028970963,0.2834745699350359,27.429378531073446,0.15431257,0.2837182859404826
1730000,1.3354673,0.0002896508,0.31392856441172107,30.454545454545453,0.06431859,0.31342016602183786
1740000,1.3353331,0.00028959062,0.3253993537491217,31.54632587859425,-0.026156321,0.326485595204674
1750000,1.334305,0.00028953,0.30045870888055465,29.07033639143731,0.019103108,0.29969416452224285
1760000,1.33287,0.00028946978,0.28352272093550046,27.448863636363637,0.109975584,0.2837960092883779
1770000,1.3322273,0.000289409,0.31077639056913414,30.093167701863354,0.2065718,0.3106541791901782
1780000,1.3318608,0.00028934964,0.3092834821835485,30.003115264797508,0.2136199,0.3084423418136493
1790000,1.3307226,0.0002892898,0.29824772747261646,28.88821752265861,0.18329684,0.2994561667956434
1800000,1.329225,0.00028922968,0.3088719443156861,29.975609756097562,0.1575677,0.3086017959589835
1810000,1.3277533,0.00028917033,0.2993272104348976,28.948012232415902,0.12890036,0.2993271911362989
1820000,1.3266896,0.0002891103,0.3008011802201897,29.1513353115727,0.12975816,0.30017854573781644
1830000,1.3264248,0.0002890511,0.2930909025398168,28.36969696969697,0.15822059,0.2928484618155794
1840000,1.3261358,0.0002889905,0.301621614879853,29.234234234234233,0.15007922,0.3028528277088214
1850000,1.3255819,0.00028892967,0.29680596351512334,28.73134328358209,0.17940204,0.29645830877347007
1860000,1.3245555,0.0002888704,0.31208860061921273,30.29113924050633,0.23810223,0.31273013175361686
1870000,1.3230063,0.00028881038,0.3063124931533821,29.709375,0.29014334,0.3057009086732367
1880000,1.3216949,0.00028874917,0.30072288484458465,29.099397590361445,0.43866795,0.3007228655897709
1890000,1.3208466,0.00028868992,0.3022985007057884,29.274626865671642,0.2668892,0.30161674025128343
1900000,1.3208401,0.00028863104,0.2901204754430127,28.069277108433734,0.089005195,0.2908408163680329
1910000,1.3203857,0.00028857027,0.29809523143229033,28.86904761904762,0.18604724,0.2981790787526476
1920000,1.319807,0.00028850965,0.3406711333250039,33.077181208053695,0.20204929,0.3401341997149507
1930000,1.3201287,0.0002884493,0.3209265103986183,31.124600638977636,0.20982069,0.31955268900520123
1940000,1.320425,0.00028838956,0.31222221524351174,30.234920634920634,0.1950306,0.31292060504238756
1950000,1.3195432,0.00028832935,0.3404181108579611,33.062717770034844,0.18910815,0.3414583030842348
1960000,1.316539,0.00028827068,0.3147204898598587,30.527950310559007,0.18371859,0.31423673226941967
1970000,1.3156035,0.0002882099,0.28605112996989523,27.673295454545453,0.15251392,0.28678974825148046
1980000,1.3137549,0.00028814978,0.29353292757076416,28.45808383233533,0.14150643,0.29233530569754673
1990000,1.312675,0.00028808918,0.2927058758104549,28.361764705882354,0.07808786,0.29267644340391546
2000000,1.3112458,0.0002880296,0.3414236034796987,33.107638888888886,0.14984323,0.3423875127322843
2010000,1.3105885,0.00028796995,0.30679877363031777,29.75,0.22570375,0.3058409507725308
2020000,1.3093166,0.00028791043,0.3148407572939707,30.493630573248407,0.21548608,0.31566876135647864
2030000,1.308075,0.00028785036,0.32777048447703727,31.80327868852459,0.127242,0.3281249697442706
2040000,1.3081869,0.00028779023,0.3086520307186442,29.871473354231973,0.059008323,0.30906247307430024
2050000,1.3080391,0.00028772937,0.3216403713596732,31.242902208201894,0.10855235,0.32182962467970344
2060000,1.3070031,0.00028767032,0.3145394666537054,30.470394736842106,0.14044271,0.3137704652352411
2070000,1.3062207,0.00028760982,0.32967741198597417,31.938709677419354,0.18303923,0.3296773909981693
2080000,1.3060999,0.00028754908,0.32803920835402667,31.875816993464053,0.0872278,0.3278032492540899
2090000,1.3053911,0.00028748944,0.3045757507679589,29.545454545454547,0.0970301,0.3049090639264746
2100000,1.3050292,0.0002874308,0.2801440859573118,27.072046109510087,0.13619371,0.28017239090076634
2110000,1.304299,0.00028736988,0.3356521664106328,32.60200668896321,0.16987897,0.3364093644269461
2120000,1.3036921,0.00028731025,0.30498470266318284,29.553516819571865,0.16489197,0.30437306282238674
2130000,1.303144,0.00028725102,0.3218688452646869,31.18032786885246,0.1826143,0.31832783981913426
2140000,1.3025491,0.00028718953,0.3167524044955946,30.691318327974276,0.1853061,0.32006428040971324
2150000,1.3016744,0.00028713018,0.32224358254088425,31.253205128205128,0.17992431,0.3224038189360633
2160000,1.3004302,0.00028707017,0.3336666592086355,32.43333333333333,0.18336707,0.33179996856798727
2170000,1.2995439,0.00028701063,0.31018517825200603,30.049382716049383,0.17639537,0.3119076636777474
2180000,1.2988647,0.00028695012,0.32538205252780866,31.564784053156146,0.17297858,0.32509996958076953
2190000,1.297731,0.00028689072,0.31091194273611095,30.18553459119497,0.11856802,0.31106915547506614
2200000,1.2966536,0.0002868301,0.3253993537491217,31.578274760383387,0.110893734,0.32603830920335963
2210000,1.29581,0.00028677026,0.31173373916223873,30.229102167182663,0.05134314,0.3118575573797935
2220000,1.2945391,0.00028670952,0.32605262429110315,31.63486842105263,-0.13435474,0.32537701868864355
2230000,1.2932833,0.0002866506,0.3170476119610525,30.75873015873016,-0.15665011,0.31783436508078106
2240000,1.2932891,0.0002865901,0.3116932837679363,30.242811501597444,0.0073211873,0.31169326202914166
2250000,1.2938259,0.00028652957,0.33479728981399454,32.54054054054054,0.08240455,0.33314186149604014
2260000,1.2943863,0.0002864695,0.32574674596574593,31.600649350649352,0.12423584,0.32555191859288457
2270000,1.2946047,0.0002864095,0.3346959384649086,32.516891891891895,0.15890552,0.33547294102735015
2280000,1.2939568,0.00028634997,0.3278317078827461,31.805825242718445,0.1983366,0.3270549879056736
2290000,1.293023,0.0002862904,0.310230256223708,30.085526315789473,0.18934561,0.31127866087023354
2300000,1.2923335,0.0002862292,0.3344117572311969,32.490196078431374,0.14573118,0.33357374062303635
2310000,1.2922399,0.00028616955,0.3407665429059221,33.10104529616725,0.15481946,0.34163191538795623
2320000,1.2925518,0.00028611085,0.34366437588014626,33.38013698630137,0.21628678,0.34371130709309144
2330000,1.2920052,0.00028604994,0.3320846831310747,32.22149837133551,0.121436745,0.3313725177636918
2340000,1.292011,0.00028598984,0.33610344076336457,32.644827586206894,0.16743033,0.33681503573611177
2350000,1.2916679,0.00028592942,0.3394237212268478,32.952542372881354,0.19473283,0.33942369799745287
2360000,1.2910134,0.00028586938,0.3265146506822847,31.71986970684039,0.2784823,0.3265146285428966
2370000,1.2903557,0.00028580983,0.35254611758123466,34.2619926199262,0.24032381,0.3505184850827963
2380000,1.2885633,0.00028575043,0.33320260693142617,32.39869281045752,0.31404096,0.3350488319082932
2390000,1.2875209,0.00028568946,0.315763232817531,30.654205607476637,0.08975633,0.3149062216922175
2400000,1.287731,0.00028562924,0.3384374924353324,32.854166666666664,0.095986746,0.3393402476989043
2410000,1.2875273,0.00028557077,0.3466071351098695,33.642857142857146,0.07176556,0.3465480134222537
2420000,1.2865629,0.00028551035,0.3531972710169902,34.326530612244895,0.17759764,0.3539040765265794
2430000,1.2859402,0.00028544932,0.33961804796450046,33.010416666666664,0.113674045,0.33899996931953674
2440000,1.2848027,0.00028539012,0.3694736759521459,35.99624060150376,0.07165462,0.36947364747328193
2450000,1.2832897,0.00028532927,0.35030927052049293,34.03780068728523,0.15203173,0.35065513980928165
2460000,1.2824818,0.00028526998,0.33339160093972525,32.3986013986014,0.17598116,0.33310101689439825
2470000,1.2821826,0.00028521026,0.34425248399970937,33.46511627906977,0.21312974,0.34453330195198456
2480000,1.282231,0.0002851501,0.3423239360104354,33.25,0.22107588,0.34203505547423113
2490000,1.2819788,0.00028508992,0.346206888813397,33.61379310344827,0.17235011,0.34620686493300157
2500000,1.2817558,0.00028503005,0.3619485213215846,35.169117647058826,0.073232405,0.36194849448442895
2510000,1.2813723,0.00028496963,0.3718181735073978,36.18545454545455,0.089617744,0.3720437621589016
2520000,1.281352,0.00028490915,0.30882538992261127,29.95873015873016,0.11876857,0.3088290869388022
2530000,1.2809632,0.00028484955,0.3602189700506682,35.04744525547445,0.14859585,0.3570329349815518
2540000,1.2799054,0.00028478945,0.342457330229441,33.310580204778155,0.12767065,0.3456654967390535
2550000,1.2791188,0.00028473,0.3692673910136297,35.91575091575091,0.12612432,0.3691574729051127
2560000,1.2780396,0.00028466902,0.36079999193549156,35.06909090909091,0.15493459,0.3599999655512246
2570000,1.2768086,0.0002846097,0.36743493602510724,35.7546468401487,0.24385984,0.3679553561646588
2580000,1.2759218,0.00028454978,0.37197760362595095,36.19776119402985,0.31619817,0.371940262712983
2590000,1.2746316,0.0002844898,0.38117186648014467,37.07421875,0.29215,0.3814843394939089
2600000,1.2732728,0.00028443028,0.3678754496528006,35.827838827838825,0.23213962,0.36540437536998926
2610000,1.272595,0.00028436983,0.3650719342860494,35.514388489208635,0.20115447,0.3673571094670998
2620000,1.2721786,0.0002843099,0.3330769156320737,32.34448160535117,0.25852433,0.33307689240196076
2630000,1.271578,0.00028424984,0.3540579631006804,34.43478260869565,0.30676478,0.35232723983851344
2640000,1.2711358,0.00028418965,0.39578739272826535,38.55118110236221,0.26801962,0.3974901573622928
2650000,1.271236,0.00028412984,0.3650541434649526,35.52707581227437,0.18949436,0.36557967333878943
2660000,1.2701575,0.00028406977,0.39134386477056937,38.11067193675889,0.31145984,0.3911066804257895
2670000,1.2679832,0.0002840099,0.39757084131602816,38.77732793522267,0.65089744,0.3974898404815057
2680000,1.2669119,0.0002839502,0.38826922209073716,37.78076923076923,0.4817319,0.3875384240411222
2690000,1.2670976,0.00028388965,0.37559258419744396,36.577777777777776,0.38680625,0.37707403684379875
2700000,1.2665076,0.00028383042,0.41585469155962396,40.542735042735046,0.30276534,0.4147435471128959
2710000,1.2664891,0.00028376962,0.4500884855149594,43.97787610619469,0.24660517,0.4476443968216578
2720000,1.2665172,0.00028371002,0.43279278311912006,42.23873873873874,0.27926743,0.4349553145002574
2730000,1.2658424,0.00028365073,0.46238316723502404,45.12149532710281,0.26707068,0.4636149759898443
2740000,1.2657878,0.00028359037,0.46821595197587224,45.7887323943662,0.23753081,0.4665727217642354
2750000,1.2643126,0.00028352995,0.49323528309297915,48.18627450980392,0.2724296,0.49509798783772424
2760000,1.2633873,0.0002834696,0.47146918377463853,46.04265402843602,0.25502244,0.4700471214897368
2770000,1.2627658,0.0002834106,0.47076922024671847,45.86538461538461,0.31345463,0.47067628064809214
2780000,1.2614647,0.0002833502,0.4618348520625075,45.07339449541284,0.24376997,0.4612384840692265
2790000,1.2598356,0.00028329095,0.4828780379873223,47.1609756097561,0.28068548,0.48354363851972576
2800000,1.2585089,0.00028322963,0.4912315161137158,47.970443349753694,0.20487316,0.49123147968661607
2810000,1.2571782,0.0002831698,0.5224210409545584,51.07368421052632,0.24043971,0.5224209980254895
2820000,1.2557249,0.0002831106,0.5607734681287194,54.806629834254146,0.27697796,0.5548332737344834
2830000,1.25479,0.00028305032,0.5456249878043309,53.31818181818182,0.2895557,0.5483522135341032
2840000,1.2541244,0.00028298964,0.5433870846285455,53.064516129032256,0.1950678,0.546630958453777
2850000,1.2527524,0.00028293004,0.5538333209541937,54.15555555555556,0.144678,0.5550837401800149
2860000,1.2513399,0.00028286997,0.5280612126867078,51.61224489795919,0.15350616,0.5269387203781885
2870000,1.2501652,0.00028280987,0.5429608817186269,53.055865921787706,0.175219,0.5429999437700543
2880000,1.2494713,0.00028274982,0.4913725380365755,48.0,0.18836038,0.49137249892102736
2890000,1.2481191,0.00028268938,0.5263101486638587,51.37967914438503,0.2792598,0.5263101040500211
2900000,1.2467774,0.00028262983,0.5588636238720607,54.65340909090909,0.2819716,0.5588635771260173
2910000,1.2459543,0.00028256996,0.6244512055546227,61.1219512195122,0.18464202,0.6209815269324677
2920000,1.2446916,0.00028250975,0.5553107220511146,54.333333333333336,0.15545352,0.5588763458758927
2930000,1.2434263,0.00028244974,0.5870114811321442,57.43103448275862,0.18933235,0.5870114312582146
2940000,1.2423629,0.0002823905,0.6045911814548872,59.16352201257862,0.1934583,0.6053796808671537
2950000,1.2415359,0.0002823305,0.5457608573665114,53.33695652173913,0.17398733,0.5454053471620018
2960000,1.2412049,0.00028226993,0.5486412920847373,53.625,0.20871942,0.549125626886803
2970000,1.2408187,0.00028221082,0.55689653927653,54.45977011494253,0.24708211,0.5563427979179791
2980000,1.2398506,0.00028215087,0.5410214932835711,52.8494623655914,0.25821343,0.5405977720941376
2990000,1.2385486,0.0002820899,0.5936781476497993,58.0919540229885,0.30972302,0.5913713648808854
3000000,1.2382786,0.00028203,0.5735838022083044,56.06936416184971,0.33310705,0.5760114967844562
3010000,1.2386448,0.0002819699,0.5808333203506967,56.773809523809526,0.28571638,0.5806508270152927
3020000,1.2379003,0.00028191012,0.5686127040535212,55.5606936416185,0.3222027,0.5673255233180731
3030000,1.2367942,0.00028184982,0.5745197611697818,56.19774011299435,0.24074188,0.5775140600626246
3040000,1.2354721,0.00028178978,0.5729239638023383,55.941520467836256,0.2082436,0.5729239151339259
3050000,1.2348069,0.0002817301,0.6067261769148034,59.36904761904762,0.26046476,0.6046744927367163
3060000,1.2346485,0.00028166975,0.5932941043859019,58.06470588235294,0.27029714,0.5932940544450984
3070000,1.2347426,0.00028160977,0.6436241466877044,63.033557046979865,0.26260433,0.6437161450677023
3080000,1.2349256,0.00028154918,0.5682966905942821,55.57692307692308,0.037373245,0.5686338184696567
3090000,1.2347419,0.0002814902,0.6121383510975156,59.899371069182386,0.20226786,0.6121382997049101
3100000,1.2341524,0.0002814296,0.6653947219693739,65.11842105263158,0.10600733,0.6653946634798654
3110000,1.2325298,0.0002813701,0.6679310195533366,65.35862068965517,0.11067818,0.667930964958565
3120000,1.2313436,0.00028131084,0.6139634009109947,60.08536585365854,0.17077847,0.6139633502107023
3130000,1.2306035,0.00028125074,0.6398101122814077,62.664556962025316,0.2240439,0.6398100566614089
3140000,1.2300782,0.00028119108,0.571907501667738,55.895953757225435,0.18106486,0.571907456006015
3150000,1.2285542,0.00028112996,0.5914457699126867,57.81927710843374,0.18798465,0.5914457211809525
3160000,1.2274075,0.00028106952,0.6501298555983351,63.66233766233766,0.26879892,0.6464705173096625
3170000,1.2268157,0.0002810103,0.7036496193087014,68.94160583941606,0.3061755,0.7089780234208289
3180000,1.2259333,0.00028095115,0.6860544064341962,67.2312925170068,0.3361349,0.685578156224623
3190000,1.224583,0.00028089053,0.7260605898318868,71.10606060606061,0.52404696,0.7263635559374411
3200000,1.2232147,0.00028083037,0.8010083854574115,78.52941176470588,0.37696528,0.7985832443616042
3210000,1.222384,0.00028076986,0.802079982072115,78.592,0.4477952,0.8020799125283956
3220000,1.221486,0.00028071002,0.9413888678472075,92.33333333333333,0.45207402,0.9413887851837056
3230000,1.2210938,0.0002806493,1.0558695416168675,103.57608695652173,0.44545078,1.0558694452047348
3240000,1.2206309,0.00028059012,0.9910227051216431,97.23863636363636,0.42944664,0.9910343751825136
3250000,1.220095,0.0002805301,1.206799973025918,118.42666666666666,0.42994463,1.1861331987629333
3260000,1.2201018,0.00028046974,1.2506578667824597,122.78947368421052,0.46989572,1.2674024555977288
3270000,1.2199389,0.00028040961,1.263150656697889,123.9041095890411,0.5134989,1.2631505432806602
3280000,1.2193416,0.00028034952,1.587222186745041,155.94444444444446,0.5443222,1.6033801022444811
3290000,1.2195545,0.00028029084,1.5284210184687061,150.12280701754386,0.61367047,1.5096550004492546
3300000,1.2198013,0.00028022943,1.872745056180101,183.9607843137255,0.6857093,1.8727448795940362
3310000,1.2196031,0.0002801702,2.040425486307829,200.4468085106383,0.7319516,2.040425304283804
3320000,1.2187338,0.00028011034,2.0028888441208337,196.66666666666666,0.73637813,2.00288866551386
3330000,1.2174296,0.0002800504,1.925087676269182,189.140350877193,0.70673984,1.9250875024876573
3340000,1.2165349,0.00027999014,2.248717898455186,220.97435897435898,0.7328886,2.297368160497985
3350000,1.2157712,0.00027993025,1.9135483443256347,187.98387096774192,0.8202328,1.8895235952167284
3360000,1.2148938,0.00027987006,2.1199999526143074,208.2156862745098,0.9804909,2.1199997587896444
3370000,1.2142615,0.0002798101,1.8957499576266854,186.225,1.1032277,1.9164100403013902
3380000,1.2138232,0.00027974954,2.27658531496801,223.65853658536585,1.2080842,2.2109753620333787
3390000,1.2140956,0.00027968962,2.5644443871246443,252.05555555555554,1.2638597,2.5972970054560416
3400000,1.2140106,0.00027962957,2.288205077059758,224.92307692307693,1.2191128,2.2882048657211738
3410000,1.213258,0.00027956985,3.4869696190298507,342.90909090909093,1.1092058,3.4869692968486836
3420000,1.2121662,0.0002795094,2.334285662110363,229.35714285714286,1.1251093,2.380487534149391
3430000,1.2106462,0.00027945015,2.410263104021157,237.05263157894737,1.0399389,2.3597433172548428
3440000,1.2091314,0.00027939,2.992045387668027,294.1818181818182,0.9325841,2.992045106831938
3450000,1.2079715,0.00027932893,2.4433332787205777,240.24242424242425,0.84992456,2.4433330427290816
3460000,1.2065191,0.00027926994,2.880882288548438,283.2352941176471,0.7421557,2.8808820270111455
3470000,1.2045327,0.00027920888,2.6185293532360125,257.2647058823529,0.75779456,2.6185291139408946
3480000,1.2019184,0.00027914863,2.9411537804139347,289.11538461538464,0.77233493,2.9411535063185372
3490000,1.2003994,0.00027908897,3.861935397549983,379.93548387096774,0.700004,3.861935042565869
3500000,1.2003107,0.0002790288,2.98849993320182,293.75,0.7155415,2.9884996567852795
3510000,1.2006332,0.00027896996,2.580571370891162,253.65714285714284,0.7142487,2.5805711377944265
3520000,1.199992,0.00027891117,3.1118181122636255,305.95454545454544,0.6741916,3.1118178249082784
3530000,1.1985173,0.00027885012,3.7906450765628006,372.80645161290323,0.6745274,3.7906447193555293
3540000,1.1971598,0.00027878952,4.324705785688232,425.3529411764706,0.6822824,4.324705387410872
3550000,1.1973157,0.0002787302,4.316190379716101,424.6190476190476,0.70908517,4.31618998075525
3560000,1.1967058,0.0002786696,4.893478151491803,481.30434782608694,0.7498851,4.893477695386695
3570000,1.195525,0.00027861018,3.5718181019818243,351.22727272727275,0.6908682,3.571817775764926
3580000,1.1945901,0.00027854953,4.284999904222786,421.4,0.60555416,4.2849995085969566
3590000,1.1933426,0.00027848966,5.401363515633751,531.3636363636364,0.66937166,5.401363010094925
3600000,1.1925223,0.00027843044,3.6633332514514527,360.42857142857144,0.6577819,3.663332908458653
3610000,1.1914402,0.00027837045,4.953076812367026,487.38461538461536,0.75292075,4.95307635057431
3620000,1.1900057,0.00027831094,7.394374834722839,727.625,0.7154528,7.6673324525356295
3630000,1.1885664,0.00027825072,7.166922916729863,705.0769230769231,0.6333633,6.890713489614427
3640000,1.1874056,0.00027818978,6.4338887450802655,633.0555555555555,0.6638748,6.433888146446811
3650000,1.1865714,0.00027813038,5.922105130788527,582.7894736842105,0.6774327,5.922104573563526
3660000,1.1859981,0.00027806984,6.204736703418587,610.421052631579,0.6714542,6.204736126194659
3670000,1.1859109,0.00027801003,4.704285609136734,462.7142857142857,0.71514994,4.704285170350756
3680000,1.1859182,0.0002779504,4.330952284148052,425.85714285714283,0.79043734,4.466499493084848
3690000,1.18548,0.0002778903,5.022999887727201,494.1,0.7865966,4.981999429129064
3700000,1.1849508,0.00027783046,5.444399878308177,535.68,0.7044029,5.32884553891535
3710000,1.1850384,0.00027776972,3.446666589627663,339.05555555555554,0.6651097,3.4466662674935327
3720000,1.185487,0.0002777099,6.954736686654781,684.2105263157895,0.6477488,6.954736037375896
3730000,1.1852579,0.00027764981,4.973999888822436,489.15,0.6659184,4.97399943144992
3740000,1.1843985,0.00027758934,5.375624879845418,528.8125,0.73279774,5.375624377047643
3750000,1.1839559,0.00027752924,6.735624849447049,662.625,0.79850966,6.384665935114026
3760000,1.1838212,0.00027747045,4.0953332417955,402.8333333333333,0.8587765,4.3503220823983995
3770000,1.1836221,0.0002774097,4.702352836070692,462.29411764705884,0.87708044,4.702352397801245
3780000,1.1832672,0.00027734955,4.003846064353218,393.9230769230769,0.85968214,4.003845687095936
3790000,1.1828787,0.00027728998,7.238333171543975,712.0833333333334,0.8355276,7.238332500060399
3800000,1.182693,0.00027723037,6.713809373744187,660.5238095238095,0.8983132,6.713808750999825
3810000,1.182047,0.00027717033,5.188181702216918,510.1818181818182,0.9700819,5.188181225041097
3820000,1.1809441,0.00027711058,6.199230630667164,610.1538461538462,0.88882524,6.199230061700711
3830000,1.1808329,0.00027705063,4.319230672688438,424.9230769230769,0.9560732,4.319230261330421
3840000,1.1809036,0.00027699032,9.531999786943198,937.8666666666667,0.97066414,9.5319989019384
3850000,1.1795577,0.00027692967,5.8058332035628455,571.0833333333334,0.9338016,5.805832670691113
3860000,1.1785519,0.00027687015,6.7249998496845365,661.75,0.96954733,6.72499922066927
3870000,1.1786253,0.00027681017,7.114999840967357,699.875,1.1002352,7.114999181125313
3880000,1.1784202,0.0002767506,7.8224998251535,769.5833333333334,1.1634313,7.82249909453094
3890000,1.1778617,0.00027669032,8.733749804785475,859.25,1.1188309,8.733748988248408
3900000,1.176805,0.00027662973,6.672222073086434,656.3611111111111,1.148864,6.672221455309126
3910000,1.1763053,0.00027656963,2.748048719064128,270.0975609756098,0.949897,2.748048468833653
3920000,1.1763198,0.0002765098,2.3064864349324963,226.67567567567568,0.9916925,2.3064862267189734
3930000,1.1767188,0.00027645097,3.2089472966954897,315.3157894736842,1.064738,3.208947006318914
3940000,1.177459,0.00027639017,2.324838657713225,228.58064516129033,1.1142056,2.324838443509033
3950000,1.1775588,0.0002763297,4.25999990478158,418.90625,1.0630054,4.337096279066417
3960000,1.1772628,0.00027626974,2.7517856527785107,270.35714285714283,0.84121054,2.6874071058851703
3970000,1.177286,0.00027620984,2.977499933447689,292.82142857142856,0.6757171,2.99099965809534
3980000,1.1777301,0.0002761502,5.66833320663621,557.7222222222222,0.63693064,5.668332683129443
3990000,1.1765729,0.00027608968,4.229999905452132,416.06666666666666,0.659547,4.229999517897765
4000000,1.1749345,0.00027602998,5.197499883826822,511.25,0.6783911,5.197499401556949
4010000,1.1735048,0.00027596956,8.158749817637727,802.75,0.71499366,8.158749065361917
4020000,1.1722335,0.0002759106,7.194666505853335,708.0666666666667,0.7354879,7.194665828719735
4030000,1.1712041,0.00027584986,8.637999806925654,849.8,0.75920326,8.637999014556408
4040000,1.1702776,0.00027578956,5.538235170328441,544.8823529411765,0.77535975,5.53823465503314
4050000,1.1693761,0.00027573016,6.668095089051695,655.8095238095239,0.7659186,6.668094474999678
4060000,1.1688412,0.0002756708,6.411428428121975,630.7142857142857,0.7604532,6.411427834204265
4070000,1.1690974,0.0002756102,6.222499860916287,612.25,0.81677145,6.222499288269319
4080000,1.1694663,0.00027554983,8.59642837928342,845.7142857142857,0.88262135,8.596427579011236
4090000,1.1693661,0.00027549049,5.753529283163302,566.0,0.90369284,5.753528751104193
4100000,1.1688005,0.00027543036,6.104999863542616,600.3333333333334,0.901166,6.104999302420765
4110000,1.1679643,0.00027537008,8.90214265816446,876.0,0.9058836,8.902141824497708
4120000,1.1674614,0.00027530966,6.512222076662713,640.7777777777778,0.89241266,6.512221480409305
4130000,1.1672279,0.0002752494,5.253888771455321,516.9444444444445,0.9195839,5.2538882705072565
4140000,1.1671957,0.00027519054,5.536363512616266,544.8181818181819,1.1984968,5.536362996155566
4150000,1.1675278,0.0002751309,6.6870586740619995,657.8823529411765,1.2920226,6.687058056430781
4160000,1.1672263,0.00027506976,7.097499841358513,698.25,1.2320906,7.097499193623662
4170000,1.1662502,0.00027500937,6.471538316888305,636.7692307692307,1.2317533,6.471537704794453
4180000,1.1657884,0.0002749491,9.893076701949422,973.3846153846154,1.158084,9.893075780799755
4190000,1.1654421,0.00027488926,6.919999845325947,680.8,1.078914,6.9199992075562475
4200000,1.1655177,0.00027482968,9.32826066106234,917.8260869565217,1.0282199,9.328259801168157
4210000,1.164339,0.0002747699,5.834999869577587,573.875,0.87083125,5.834999325685203
4220000,1.1631134,0.00027470943,9.388124790159054,923.8125,0.83471864,9.388123927637935
4230000,1.1619521,0.00027465058,5.994999866001308,589.6,0.8755329,5.9949993215501305
4240000,1.1618232,0.00027458998,5.779545325362547,568.3636363636364,0.87394196,5.779544794424013
4250000,1.1624013,0.00027452945,9.312856934698564,916.2857142857143,0.8729434,9.312856070697308
4260000,1.1628257,0.00027446923,6.758999848924577,665.0,0.8820509,6.758999225497246
4270000,1.1629943,0.00027441033,6.824999847449362,671.25,0.95527714,6.824999217875302
4280000,1.1618485,0.0002743515,9.605454330755906,945.3636363636364,1.0405545,9.605453439734198
4290000,1.1606877,0.0002742906,9.686999783478678,953.2,1.0796273,9.686998883727938
4300000,1.160714,0.00027423,9.64733311769863,949.3333333333334,1.1059242,9.647332217295965
4310000,1.160651,0.00027416978,4.952941065763726,487.0,1.1467581,4.952940610401771
4320000,1.1594883,0.00027411015,10.187999772280454,1002.6,0.97135216,10.187998825311661
4330000,1.157898,0.0002740503,9.129999795928597,898.4,0.8205695,9.129998952150345
4340000,1.1573352,0.0002739904,8.511333143090209,837.4666666666667,0.8020725,8.511332352956137
4350000,1.1570776,0.0002739308,6.3477776358938875,624.3333333333334,0.7965482,6.347777044193612
4360000,1.1567526,0.00027387074,3.626363555308093,356.54545454545456,0.7879499,3.626363215121356
4370000,1.1569989,0.0002738101,4.899090799587694,481.72727272727275,0.7988764,4.899090345102278
4380000,1.1572092,0.00027375013,13.32374970219098,1311.25,0.847453,13.323748471215367
4390000,1.1563363,0.00027369027,9.824999780394137,966.75,0.89759827,9.824998869560659
4400000,1.1551774,0.00027363058,11.744999737478793,1155.857142857143,0.9314611,11.744998640779938
4410000,1.1539631,0.00027356963,9.286999792419374,913.9,0.93875617,9.286998926103115
4420000,1.1523,0.00027350994,13.683636057783257,1346.6363636363637,0.9282607,13.683634791184556
4430000,1.1507689,0.00027344993,6.867777624270982,675.6666666666666,0.91652256,6.867776981244485
4440000,1.1492642,0.00027339024,9.944666444386046,978.6666666666666,0.87587005,9.944665519893169
4450000,1.1480104,0.00027333014,10.864285471450005,1068.9285714285713,0.8165455,10.864284470943469
4460000,1.1473107,0.00027326975,5.313448157097245,522.5862068965517,0.830644,5.31344766208324
4470000,1.1469932,0.0002732103,6.067058687920079,596.8823529411765,0.8609811,6.067058128469131
4480000,1.1461776,0.00027314966,5.586499875131994,549.6,0.96229315,5.586499356944114
4490000,1.1451039,0.00027309047,6.333999858424067,622.9,1.1941434,6.333999284356833
4500000,1.1446751,0.0002730302,6.4570586792029,635.4117647058823,1.3360431,6.457058079978999
4510000,1.1443968,0.00027297056,3.467692230183345,341.0,1.2398556,3.4676919178320813
4520000,1.1440006,0.00027291026,5.549999875947833,546.0,1.1370432,5.549999359656464
4530000,1.1435097,0.00027284957,8.548235103049699,841.0588235294117,1.0675402,9.057498950278386
4540000,1.1421827,0.00027278918,7.29333317031463,717.3333333333334,1.0235462,6.76307616253885
4550000,1.141249,0.00027272885,5.8241665364863975,573.0,0.96943104,5.824166001596798
4560000,1.1405753,0.00027267067,6.940666511530678,682.9333333333333,0.9733297,6.940665866310398
4570000,1.1390646,0.00027261,7.724999827332795,760.0,0.94695854,7.724999110468409
4580000,1.1374892,0.00027254957,5.036666554088394,495.5,0.94537705,5.036666082683951
4590000,1.1359305,0.00027249026,5.274615266718543,519.0769230769231,0.8488127,5.274614771398214
4600000,1.1352108,0.00027243057,8.584666474784415,844.6,0.82914233,8.584665677448113
4610000,1.1340142,0.00027237012,6.822856990354402,671.0,0.8812982,6.822856367033507
4620000,1.1337546,0.0002723097,9.82153824200997,966.6153846153846,0.854581,9.82153731928422
4630000,1.1331829,0.00027225006,8.619166474013278,848.1666666666666,0.8960649,8.61916566391786
4640000,1.132826,0.00027218982,5.496666543806593,540.6,0.9769197,5.4966660330692925
4650000,1.1322443,0.0002721295,5.023999887704849,494.2,1.0840219,5.023999426141382
4660000,1.1313268,0.0002720703,4.581428469025663,450.85714285714283,1.0608344,4.581428034763251
4670000,1.1307074,0.00027201048,6.641666518213849,653.1666666666666,1.0511403,6.641665903075288
4680000,1.1294451,0.0002719508,5.853043347435153,575.8260869565217,1.0559483,5.853042802328001
4690000,1.1286749,0.00027188988,7.409523643908047,728.8095238095239,1.0163118,7.409522965018239
4700000,1.1276486,0.00027182978,4.9899998884648085,490.875,1.0075988,4.989999428973533
4710000,1.1261617,0.00027177064,7.08714269873287,697.4285714285714,1.0579857,7.087142030974584
4720000,1.1245687,0.00027171025,5.529999876394868,544.0,1.1166334,5.529999367215416
4730000,1.1232544,0.00027165082,6.213999861106276,611.2,1.0878147,6.213999292999506
4740000,1.1222636,0.0002715905,4.112222130306893,404.3333333333333,1.0533623,4.112221754052573
4750000,1.1212372,0.00027153056,8.14076904880886,801.1538461538462,0.9554826,8.140768284981068
4760000,1.1203423,0.00027146988,14.634999672882259,1440.4166666666667,0.8736939,14.634998297474036
4770000,1.1195748,0.00027140998,11.318749747006223,1113.875,0.9124794,11.318748693913221
4780000,1.1186031,0.00027135015,14.705555226860774,1447.0,0.8858914,14.705553864646289
4790000,1.1174004,0.00027129002,5.81142844153302,571.7142857142857,0.87153816,5.81142790296248
4800000,1.1164681,0.0002712303,8.149999817833304,802.0,0.8518078,8.149999053776265
4810000,1.1163276,0.0002711702,10.371428339609079,1020.4285714285714,0.88557494,10.371427368106586
4820000,1.1160986,0.0002711105,11.303749747341499,1112.5,0.91487247,11.303748692385852
4830000,1.1160598,0.0002710504,7.496666499103109,737.6666666666666,0.9071676,7.496665805578232
4840000,1.115842,0.00027099054,9.582499785814434,942.75,0.9273375,9.582498899661005
4850000,1.1158736,0.00027092992,11.961764438516077,1177.235294117647,0.9305973,11.961763318518505
4860000,1.1142691,0.00027087034,9.570908876982601,942.0,0.84952503,9.570907990024848
4870000,1.1143188,0.00027081053,13.47999969869852,1326.7,0.83773196,13.479998429119586
4880000,1.1145121,0.00027075055,10.260999770648777,1009.6,0.88289404,10.260998808220029
4890000,1.1137084,0.00027069027,5.605714160416808,551.5714285714286,0.9198898,5.605713642601456
4900000,1.1129568,0.00027063012,9.263749792939052,911.5,0.8839711,9.26374894194305
4910000,1.112692,0.00027056984,7.078571270353028,696.4285714285714,0.79952353,7.078570627474359
4920000,1.1116446,0.0002705093,17.569999607279897,1729.125,1.0091958,17.569997982122004
4930000,1.1104794,0.00027045008,8.616999807395041,847.8,0.8685524,8.616999008506536
4940000,1.1098747,0.00027038995,12.714999715797603,1251.1666666666667,0.87829703,12.714998554438353
4950000,1.1092479,0.00027032956,None,None,0.9103869,None
4960000,1.1092955,0.0002702699,13.309999702498317,1309.8,0.93358815,13.309998448193074
4970000,1.1086445,0.0002702098,27.917999375984074,2747.8,0.89676577,27.917996764183044
4980000,1.1083971,0.00027015008,18.577777362532085,1828.2222222222222,0.87958956,18.577775632962584
4990000,1.1081399,0.00027009033,10.151999773085118,999.3,0.8958353,10.151998828351498
5000000,1.1083106,0.00027003032,4.914999890141189,483.25,0.9187979,4.914999444037676
5010000,1.1080257,0.0002699699,34.11666590409974,3358.3333333333335,0.9480709,34.1166627407074
5020000,1.1082875,0.00026990956,13.962499687913805,1374.0,0.9633521,13.962498378008604
5030000,1.1080574,0.00026985034,12.191249727504328,1199.375,0.8708951,12.191248603630811
5040000,1.1078526,0.00026979024,18.053332929809887,1776.8333333333333,0.8990656,18.05333126336336
5050000,1.1076301,0.00026973002,10.068461313413886,990.8461538461538,0.94496584,10.068460387535966
5060000,1.1066196,0.00026966957,22.18624950409867,2183.75,0.9487432,22.186247434467077
5070000,1.1056226,0.0002696097,9.269090701910583,912.0,0.9817842,9.269089847464453
5080000,1.1040653,0.0002695499,16.653845781603685,1638.923076923077,0.87395793,16.65384423847382
5090000,1.1026816,0.0002694899,2.5849999422207475,254.5,0.8394532,2.584999706596136
5100000,1.1019998,0.00026943014,8.53699980918318,840.0,0.9341561,8.536999006569385
5110000,1.1013523,0.000269369,6.747714134891118,663.7428571428571,0.96053755,6.747713511650051
5120000,1.1014408,0.00026930906,3.1368888187739583,308.35555555555555,1.0070391,3.153033346607444
5130000,1.10221,0.0002692503,2.461369807997795,241.91780821917808,1.0438298,2.4510808061506295
5140000,1.1023657,0.0002691894,1.4052112361967144,137.8732394366197,0.9133612,1.4052111158068752
5150000,1.1021129,0.00026912979,1.2971232586782682,127.3013698630137,0.897905,1.297123138780055
5160000,1.1018871,0.00026907035,1.689019570090607,165.72549019607843,0.87692505,1.6890194194720072
5170000,1.1016328,0.00026901028,1.8931481058329895,185.83333333333334,0.7540748,1.8977356344672307
5180000,1.1013459,0.00026895042,1.819393898727316,178.6060606060606,0.68312716,1.8168654670911049
5190000,1.100835,0.0002688901,1.4745833003738273,144.77083333333334,0.63273704,1.47458316925137
5200000,1.1005983,0.00026883022,1.7645454151047901,173.37878787878788,0.6462453,1.7645452552277483
5210000,1.1010755,0.00026877032,1.3465217090333286,132.15942028985506,0.5757236,1.3465215929284475
5220000,1.1018862,0.00026871008,1.778115902284997,174.6231884057971,0.541573,1.7781157469835833
5230000,1.102205,0.00026864992,1.3672548714002557,134.11764705882354,0.4800351,1.3672547486117657
5240000,1.1025695,0.00026859043,1.6778124624979682,164.703125,0.5393679,1.6778123127878644
5250000,1.1021254,0.00026853033,1.6539130065104235,162.3768115942029,0.51932657,1.6539128558251306
5260000,1.1016245,0.00026846977,1.3416071128698863,131.66071428571428,0.5318769,1.341606993028628
5270000,1.1010956,0.00026840952,2.2214285217757737,218.44897959183675,0.6215016,2.221428314946136
5280000,1.0998323,0.0002683495,1.6944775740657725,166.4179104477612,0.5103013,1.652424055038754
5290000,1.0982009,0.0002682895,1.3145945652111157,129.02702702702703,0.34955612,1.3566665070007244
5300000,1.0984384,0.00026822966,1.4791999669373035,145.26,0.52752024,1.4791998349875213
5310000,1.0982699,0.00026816994,1.893389788187914,185.96610169491527,0.6005165,1.9243101286541284
5320000,1.0974823,0.00026810984,2.0766666202495494,204.0,0.6610682,2.0407270395958967
5330000,1.0976167,0.0002680487,1.74285710390125,171.22448979591837,0.6854498,1.74285694386582
5340000,1.0972968,0.0002679897,2.097111064237025,205.93333333333334,0.6636591,2.0971108734607697
5350000,1.0975082,0.00026793065,1.846326489343631,181.22448979591837,0.6429212,1.8463263198809357
5360000,1.0969137,0.0002678705,2.2899999488145113,225.0,0.76398355,2.28999973900084
5370000,1.0959854,0.00026781118,2.1188135119628604,208.135593220339,0.76200026,2.1188133203314017
5380000,1.0957253,0.00026775044,1.610377322495827,158.1509433962264,0.7373745,1.6103771709889736
5390000,1.095384,0.00026768981,2.088421005951731,205.2280701754386,0.73968786,2.08842081475284
5400000,1.0947325,0.00026762974,1.8254385556894959,179.21052631578948,0.69316965,1.825438393574012
5410000,1.093624,0.0002675699,1.6409615017831898,161.17307692307693,0.69461167,1.6409613518044353
5420000,1.0928833,0.00026751036,1.8833332912375529,184.92156862745097,0.6574286,1.8833331221020688
5430000,1.0921433,0.00026744988,1.6631914521864755,163.36170212765958,0.75253147,1.6791302496162446
5440000,1.0918405,0.0002673896,2.0006896104535152,196.5344827586207,0.82503355,1.9825421513957997
5450000,1.0913378,0.00026732916,1.9097999573126436,187.64,0.95362663,1.909799779765308
5460000,1.0905774,0.00026726993,2.666315729876882,262.10526315789474,0.9550366,2.6663154839587055
5470000,1.0900497,0.0002672095,2.7507894121992744,270.5,0.86867976,2.7507891689770316
5480000,1.0891585,0.0002671508,2.128636316057633,209.04545454545453,0.8706239,2.1286361291581257
5490000,1.0883213,0.0002670912,2.4623912493090914,242.15217391304347,0.8967963,2.462391023159675
5500000,1.0879743,0.00026703114,2.6982142254044965,265.2142857142857,0.78875,2.698213976741369
5510000,1.0874374,0.0002669694,3.024482691018232,297.51724137931035,0.7511819,2.9389282375174974
5520000,1.0866082,0.00026691044,3.1379165965287634,308.4583333333333,0.7728812,3.229199631586671
5530000,1.0854287,0.00026685,3.5522221428238683,349.27777777777777,0.73506683,3.5522218140669994
5540000,1.0849754,0.0002667901,3.081333264460166,303.3333333333333,0.8016578,3.0813329788545767
5550000,1.0846964,0.00026673015,3.7946152997991214,373.3076923076923,0.84091556,3.794614947759188
5560000,1.0843828,0.00026667016,8.18076904791479,804.8461538461538,0.9028209,8.521665690466762
5570000,1.0840969,0.00026660992,7.942666489134232,781.4666666666667,0.96267366,7.701874118298292
5580000,1.0834317,0.0002665487,5.764117518220754,567.1176470588235,0.9831715,5.764116989777369
5590000,1.0827246,0.00026648998,3.386491152376198,332.8421052631579,0.89173025,3.3864908398112705
5600000,1.0830961,0.00026643032,2.0751999536156656,203.98,0.8264542,2.0751997684314847
5610000,1.0823383,0.00026636902,2.1464814335038818,210.83333333333334,0.807919,2.1464812395128385
5620000,1.0819893,0.00026631056,1.9946153400322566,195.8846153846154,0.7223832,1.9946151613616026
5630000,1.0818064,0.00026625095,2.0905999532714485,205.48,0.6804115,2.0905997632816433
5640000,1.0816686,0.00026619068,1.91414629867891,188.09756097560975,0.7464279,1.9141461226816585
5650000,1.0805471,0.0002661297,2.5129544892856344,246.97727272727272,0.67510563,2.5129542622122574
5660000,1.0795645,0.00026607036,1.7602702309251637,172.97297297297297,0.69006807,1.7602700716438326
5670000,1.0800824,0.0002660102,3.4062068204170672,334.9655172413793,0.7979097,3.406206507492682
5680000,1.0800085,0.00026595063,3.6187499191146344,355.75,0.7306054,3.6187495852354914
5690000,1.0794697,0.00026589056,3.7354165831735977,367.4166666666667,0.6684125,3.7354162343932935
5700000,1.0791218,0.00026583025,3.826428485901228,376.07142857142856,0.62043357,3.8264281286724975
5710000,1.0780795,0.00026577036,5.108124885824509,502.34375,0.62284106,5.108124414458871
5720000,1.0761086,0.0002657102,3.166315718701011,311.42105263157896,0.652384,3.166315434794677
5730000,1.074888,0.00026565025,5.35210514352902,526.4736842105264,0.6813695,5.352104644242086
5740000,1.073445,0.0002655902,4.835999891906977,475.8,0.66389483,4.8359994410226745
5750000,1.072893,0.00026553054,7.021538304594847,690.7692307692307,0.7012086,7.021537647797511
5760000,1.073145,0.00026547056,6.5626665199796355,645.7333333333333,0.7454872,6.5626659149924915
5770000,1.0731598,0.00026541002,6.065384479812705,596.6153846153846,0.788142,6.06538391027313
5780000,1.0721045,0.00026534975,8.337333146979411,820.3333333333334,0.80915636,8.337332361688217
5790000,1.070731,0.0002652909,5.966315656116135,586.8947368421053,0.78531635,5.96631510477317
5800000,1.0692182,0.00026523066,4.4915383611447535,441.6923076923077,0.75975406,4.491537948640493
5810000,1.068154,0.00026517047,5.516666543359558,542.5333333333333,0.8283781,5.516666035850843
5820000,1.0674785,0.00026511,9.765454327179627,961.1818181818181,0.8734605,9.765453398905017
5830000,1.0659426,0.00026505004,6.71076908077185,660.0769230769231,0.88761586,6.710768468677998
5840000,1.0644772,0.00026498968,11.653333072861036,1147.0,0.9480871,11.653331965208054
5850000,1.0642405,0.00026492958,5.244999882765114,515.8333333333334,0.93108594,5.24499940375487
5860000,1.0646119,0.00026486994,12.233333059897026,1204.0,0.8991477,12.23333191871643
5870000,1.0650902,0.0002648105,9.235999793559312,909.0,0.862168,9.235998925566673
5880000,1.0648084,0.00026474963,17.912221821852857,1763.111111111111,0.80958813,17.91222015851074
5890000,1.0641695,0.00026468906,11.507142599938172,1132.357142857143,0.8133661,11.507141537964344
5900000,1.0631531,0.00026462984,9.899999778717756,974.0,0.8554145,9.899998867677319
5910000,1.0627041,0.00026457003,9.543571215255984,939.2142857142857,0.8732959,9.543570329036031
5920000,1.062106,0.00026450964,8.747894541311421,860.7894736842105,0.85271186,8.747893726747288
5930000,1.0609125,0.00026444966,5.233999883010983,514.9,0.7529332,5.233999403566122
5940000,1.0600932,0.0002643893,8.00363618474115,787.5454545454545,0.6994188,8.003635453906925
5950000,1.0600767,0.0002643308,5.897999868169427,580.3,0.7160672,5.897999311983585
5960000,1.060418,0.00026427026,7.874166490665327,774.75,0.7516141,7.874165757248799
5970000,1.0610781,0.00026420958,9.625714070562806,947.1428571428571,0.73927164,9.673075805489834
5980000,1.0612785,0.00026414997,9.928571206650563,977.1428571428571,0.6458676,9.886817043816501
5990000,1.0614425,0.00026408938,5.7294443163813815,563.6666666666666,0.699962,5.729443789666726
6000000,1.0610638,0.00026402986,6.394999857060611,629.1666666666666,0.5832906,6.394999263187249
6010000,1.0602643,0.0002639701,4.802999892644584,472.6,0.6542174,4.802999450266361
6020000,1.0583827,0.00026391045,7.518420884581773,739.5263157894736,0.75978976,7.5184201900112
6030000,1.0575264,0.00026385038,5.034210413792415,495.2631578947368,0.8925786,5.0342099454842115
6040000,1.0568382,0.00026378976,3.398888812917802,334.1111111111111,0.973095,3.3988885012351804
6050000,1.0565908,0.0002637302,5.487857020193977,539.7857142857143,0.9456703,5.4878565184772015
6060000,1.0554872,0.00026366976,7.591110941436556,747.0,0.9020624,7.591110235183603
6070000,1.0536556,0.00026361019,5.082727159119465,499.8181818181818,0.8966379,5.082726684144952
6080000,1.0526608,0.00026355012,8.668999806232751,853.1,0.93051475,8.668998999893665
6090000,1.0522543,0.00026348975,6.439999856054783,633.4444444444445,1.0902938,6.439999263319704
6100000,1.051267,0.0002634301,6.944736686878298,683.1578947368421,1.0555111,6.944736040344364
6110000,1.05077,0.00026337034,10.30428548396698,1014.1428571428571,1.060657,10.304284515923687
6120000,1.0501378,0.0002633099,9.387142647323865,923.4285714285714,1.1099861,9.387141769485813
6130000,1.0496178,0.00026325005,15.563332985465726,1531.6666666666667,1.1134086,15.56333152204752
6140000,1.0492321,0.00026319065,10.499999765306711,1033.25,1.098124,10.499998785555363
6150000,1.0486462,0.00026313044,10.824999758042395,1065.0,1.0679665,10.824998773634434
6160000,1.0475777,0.00026306967,16.399999633431435,1614.1,1.0012984,16.399998104572298
6170000,1.0463719,0.00026300972,12.873999712243677,1267.0,0.9402504,12.8739985242486
6180000,1.0454655,0.00026294985,13.948571116796561,1373.0,0.88786495,13.948569821459907
6190000,1.0443962,0.00026289027,15.721999648585916,1547.2,0.86289304,15.721998190879821
6200000,1.0430987,0.00026282968,11.409230514214588,1122.6153846153845,0.85507786,11.409229451647171
6210000,1.0421848,0.00026277042,6.396666523690025,629.1666666666666,0.84576964,6.396665931679308
6220000,1.0415187,0.00026270968,12.344545178623362,1214.909090909091,0.85764194,12.344544023783369
6230000,1.0405282,0.00026264924,21.68999951519072,2135.0,0.88698673,21.689997494220734
6240000,1.039379,0.00026258986,20.30799954608083,1998.6,0.9532631,20.307997657358648
6250000,1.0388451,0.00026252953,14.395999678224324,1416.6,0.98119676,14.395998346433043
6260000,1.0383354,0.00026247068,12.681428287976555,1248.0,0.9521244,12.681427101737686
6270000,1.0375624,0.00026241018,17.23749961471185,1696.25,0.9453196,17.23749802261591
6280000,1.0370126,0.0002623508,19.606666228423517,1930.0,0.940862,19.60666440592872
6290000,1.0364304,0.00026229044,28.961666019322973,2850.3333333333335,0.9302353,28.96166332811117
6300000,1.0353477,0.00026223,10.266666437188784,1010.3333333333334,0.9267022,10.266665508349737
6310000,1.0344082,0.00026217007,23.26999947987497,2290.2,0.9804765,23.269997330009936
6320000,1.0335318,0.00026210936,11.089166418804476,1091.0833333333333,1.0931518,11.089165393573543
6330000,1.0318036,0.0002620496,5.193153037077135,510.8018018018018,1.0373746,5.1931525554407285
6340000,1.0313339,0.00026199047,1.184672870716759,116.23364485981308,0.9609157,1.1846727670527228
6350000,1.031203,0.00026193098,1.135432073386547,111.39506172839506,0.8454949,1.1354319731486433
6360000,1.0305778,0.00026186902,1.074270809321509,105.375,0.76149106,1.0742707126191817
6370000,1.0298644,0.00026180962,1.1319511942111138,111.02439024390245,0.59569645,1.1319510915384787
6380000,1.0299873,0.0002617502,1.0189887412687701,99.97752808988764,0.637069,1.0189886466296536
6390000,1.0300974,0.00026169035,1.353888858627114,132.93055555555554,0.5504327,1.3538887391073837
6400000,1.0299459,0.00026162984,1.5438461193385034,151.60256410256412,0.47445923,1.5438459808580005
6410000,1.0289873,0.00026156928,1.2715714001495924,124.85714285714286,0.52175236,1.2715712859694446
6420000,1.0289708,0.00026150988,1.270843345088413,124.72289156626506,0.49277273,1.2595120540524765
6430000,1.0286694,0.00026144987,1.2259459185439188,120.33783783783784,0.40809277,1.2389331960181396
6440000,1.0284963,0.0002613893,1.3261038664631641,130.19480519480518,0.45488676,1.3384209028690268
6450000,1.0292065,0.00026132958,1.3198765137083368,129.58024691358025,0.43391234,1.3085364384304097
6460000,1.0291532,0.0002612692,1.3331168533193987,130.98701298701297,0.51275605,1.333116731497568
6470000,1.0289792,0.00026120926,1.2023999731242656,117.96,0.5608382,1.2023998661835988
6480000,1.0292352,0.00026115,1.4327535911638667,140.56521739130434,0.55487305,1.4327534647739453
6490000,1.0292672,0.00026109,1.3137499706353992,128.95,0.45225823,1.3137498532887548
6500000,1.0287365,0.00026103033,1.4688888560566637,144.24074074074073,0.38704908,1.4688887189107913
6510000,1.0280446,0.00026097125,1.579999964684248,155.14084507042253,0.3377125,1.590856960282794
6520000,1.0273755,0.0002609109,1.5773015520461495,154.85714285714286,0.411905,1.565468570945086
6530000,1.0266079,0.0002608503,1.4518461213948635,142.58461538461538,0.46814713,1.4518459879721586
6540000,1.026097,0.00026079014,2.150512772445113,211.28205128205127,0.5221709,2.1505125845567536
6550000,1.0257004,0.0002607294,2.615172355339445,257.1034482758621,0.5617285,2.61517211884774
6560000,1.0256174,0.00026066916,3.580740660704948,352.14814814814815,0.57158184,3.580740334811034
6570000,1.0255464,0.00026061,3.410799923762679,335.32,0.5543211,3.41079961232841
6580000,1.0251832,0.0002605503,3.566666586945454,350.6,0.59423196,3.5666662635902564
6590000,1.0252482,0.00026048959,5.50599987693131,541.8,0.63915604,5.505999365821481
6600000,1.0251681,0.00026043036,3.12363629381765,306.90909090909093,0.66771436,3.1236360079862853
6610000,1.0252327,0.0002603704,6.073124864255078,597.6875,0.6916714,6.073124284856021
6620000,1.026186,0.0002603099,7.7377776048249665,761.3333333333334,0.7198447,7.737776873840226
6630000,1.0259023,0.00026024948,5.761999871209264,567.2,0.72871614,5.761999341845512
6640000,1.0254387,0.0002601893,9.041817979717797,889.5454545454545,0.7334086,9.041817140850155
6650000,1.024807,0.00026012954,5.921428439074329,582.4285714285714,0.7873522,5.921427891722748
6660000,1.0251188,0.00026007037,10.899999756366014,1072.6666666666667,0.8834605,10.899998734394709
6670000,1.0253097,0.00026001022,10.864090666259555,1069.090909090909,0.9462763,10.86408965323459
6680000,1.0244546,0.0002599491,7.834999824874103,770.6666666666666,0.9555861,7.834999085403979
6690000,1.0239818,0.00025988912,11.567142598597068,1138.142857142857,0.930579,11.567141519061156
6700000,1.0244094,0.00025982986,8.90499980095774,876.0,0.88141036,8.904998991638422
6710000,1.0246383,0.0002597703,12.384999723173678,1218.75,0.90300596,12.384998574852943
6720000,1.0234843,0.00025971013,13.899999689310789,1367.857142857143,0.9609464,13.899998411536217
6730000,1.0233868,0.0002596497,18.183749593561515,1789.625,0.9921556,18.183747904375196
6740000,1.0230682,0.0002595899,8.219999816268682,809.2,1.0938244,8.219999042153358
6750000,1.0229831,0.00025952997,9.629999784752727,948.0,1.1055564,9.62999889999628
6760000,1.022698,0.00025947,14.84333300155898,1460.6666666666667,1.0862639,14.843331630031267
6770000,1.0221387,0.00025940963,24.02599946297705,2364.8,1.0408872,24.02599720209837
6780000,1.0219387,0.00025934968,18.77857100883765,1848.2857142857142,0.9994632,18.778569263539143
6790000,1.0216972,0.00025929057,12.749999715015292,1254.5,0.9961202,12.749998543411493
6800000,1.0211775,0.00025923064,21.752856656642898,2140.8571428571427,1.0058434,21.752854639930383
6810000,1.0204388,0.00025917066,14.55999967455864,1433.0,0.9129001,14.55999830365181
6820000,1.0196546,0.0002591103,29.619999337941408,2915.3333333333335,0.94412136,29.619996587435406
6830000,1.0188054,0.00025904976,9.787142638383168,963.0,0.9451084,9.787141718502555
6840000,1.0178049,0.00025898943,27.761999379470943,2732.0,0.91420686,27.76199680119753
6850000,1.016977,0.00025892956,17.493332942326862,1721.6666666666667,0.91024685,17.493331326378716
6860000,1.016265,0.00025886905,15.14499966148287,1490.5,0.9101644,15.144998259842396
6870000,1.0151186,0.0002588092,15.544999652542174,1529.5,0.9318306,15.544998212717474
6880000,1.0134672,0.00025875,12.835999713093042,1263.0,0.99228233,12.835998523235322
6890000,1.0122854,0.0002586897,17.214999615214765,1694.0,1.0521876,17.21499800309539
6900000,1.0120375,0.0002586301,30.78499931190163,3030.0,1.0757533,30.784996449947357
6910000,1.0122068,0.00025857068,53.37999880686402,5254.0,1.0612706,53.37999385595322
6920000,1.0125024,0.0002585105,101.8499977234751,10025.0,1.0396991,101.84998824447393
6930000,1.0128754,0.00025845063,39.96999910660088,3934.0,0.9913808,39.96999537944794
6940000,1.0131284,0.00025839024,36.16499919164926,3559.6666666666665,0.97473335,36.16499583174785
6950000,1.0130454,0.00025833,20.969999531283975,2064.0,1.0245273,20.969997584819794
6960000,1.0132443,0.00025827033,10.123999773710967,996.4,0.9774022,10.123998820781708
6970000,1.0129056,0.0002582095,28.36799936592579,2792.0,0.9064293,28.36799673438072
6980000,1.0122879,0.00025814943,36.98249917337671,3640.0,0.9053003,36.982495720498264
6990000,1.01184,0.00025808898,16.174999638460577,1591.5,0.9095101,16.174998139962554
7000000,1.0115719,0.00025803,15.339999657124281,1509.5,0.9285355,15.339998230338097
7010000,1.0114084,0.00025797132,38.204999146051705,3760.3333333333335,0.9296194,38.2049955924352
7020000,1.0120299,0.00025791072,32.17166594757388,3166.6666666666665,0.95776385,32.171662951509155
7030000,1.0122705,0.0002578502,11.001666420760253,1082.6666666666667,0.9167822,11.001665394442776
7040000,1.0114496,0.00025779038,22.87647007690633,2251.3529411764707,0.99978673,22.87646794735509
7050000,1.0113173,0.00025773043,16.96874962071888,1670.375,1.0109535,16.968748022802174
7060000,1.0114079,0.00025766995,26.389999410137534,2597.3333333333335,1.0390991,26.389996943374474
7070000,1.0120621,0.00025760973,16.45857106069369,1619.7142857142858,1.0139167,16.458569522414887
7080000,1.0120866,0.0002575504,4.204999906010926,413.5,0.9878154,4.204999513924122
7090000,1.0120704,0.00025749014,8.874999801628292,873.0,0.89257306,8.874999016523361
7100000,1.0120636,0.0002574298,24.98499944154173,2459.0,0.9821005,24.984997116960585
